mean_fit_time,std_fit_time,mean_score_time,std_score_time,param_criterion,param_max_depth,param_n_estimators,params,split0_test_accuracy,split1_test_accuracy,split2_test_accuracy,mean_test_accuracy,std_test_accuracy,rank_test_accuracy,split0_train_accuracy,split1_train_accuracy,split2_train_accuracy,mean_train_accuracy,std_train_accuracy,split0_test_recall,split1_test_recall,split2_test_recall,mean_test_recall,std_test_recall,rank_test_recall,split0_train_recall,split1_train_recall,split2_train_recall,mean_train_recall,std_train_recall,split0_test_precision,split1_test_precision,split2_test_precision,mean_test_precision,std_test_precision,rank_test_precision,split0_train_precision,split1_train_precision,split2_train_precision,mean_train_precision,std_train_precision,split0_test_f1,split1_test_f1,split2_test_f1,mean_test_f1,std_test_f1,rank_test_f1,split0_train_f1,split1_train_f1,split2_train_f1,mean_train_f1,std_train_f1,split0_test_roc_auc,split1_test_roc_auc,split2_test_roc_auc,mean_test_roc_auc,std_test_roc_auc,rank_test_roc_auc,split0_train_roc_auc,split1_train_roc_auc,split2_train_roc_auc,mean_train_roc_auc,std_train_roc_auc
0.6293172041575114,0.15166733492702023,0.14760470390319824,0.021896838685821252,gini,4,100,"{'criterion': 'gini', 'max_depth': 4, 'n_estimators': 100}",0.6162790697674418,0.6046511627906976,0.6744186046511628,0.6317829457364341,0.030519410364386865,19,0.7965116279069767,0.7965116279069767,0.8430232558139535,0.812015503875969,0.021925791664699188,0.6046511627906976,0.4186046511627907,0.6511627906976745,0.5581395348837209,0.10047659997531566,85,0.7906976744186046,0.6511627906976745,0.7906976744186046,0.7441860465116279,0.0657773749940974,0.6190476190476191,0.6666666666666666,0.6829268292682927,0.6562137049941928,0.027105801106022915,19,0.8,0.9180327868852459,0.8831168831168831,0.8670498900007096,0.049507884192458614,0.611764705882353,0.5142857142857143,0.6666666666666667,0.5975723622782447,0.06301352037388128,76,0.7953216374269007,0.761904761904762,0.8343558282208589,0.7971940758508405,0.0296076428401345,0.6224986479177934,0.7149810708491076,0.6922660897782585,0.6765819361817198,0.0393509351294348,15,0.8868307193077338,0.8868307193077338,0.9236073553272038,0.8990895979808905,0.017336672479064456
1.792058785756429,0.03724543888863643,0.397113561630249,0.006165895934558041,gini,4,371,"{'criterion': 'gini', 'max_depth': 4, 'n_estimators': 371}",0.5930232558139535,0.6395348837209303,0.6744186046511628,0.6356589147286822,0.03334234599628922,15,0.7732558139534884,0.7732558139534884,0.8313953488372093,0.7926356589147288,0.027407239580873932,0.6046511627906976,0.5116279069767442,0.6046511627906976,0.5736434108527132,0.043851583329398265,38,0.813953488372093,0.6511627906976745,0.7674418604651163,0.7441860465116279,0.06846326252967322,0.5909090909090909,0.6875,0.7027027027027027,0.6603705978705979,0.04950728063890738,16,0.7526881720430108,0.8615384615384616,0.88,0.8314088778604908,0.05617187459867195,0.5977011494252873,0.5866666666666667,0.6499999999999999,0.611455938697318,0.027624547642947958,30,0.782122905027933,0.7417218543046358,0.8198757763975156,0.7812401785766948,0.03191230994580587,0.6133044889129259,0.7376960519199566,0.697133585722012,0.6827113755182982,0.051796495037168315,4,0.8889940508382909,0.8991346673877771,0.9265819361817198,0.9049035514692626,0.01587812538907752
2.8903470834096274,0.19010071180245236,0.8896273771921793,0.047366110230789814,gini,4,642,"{'criterion': 'gini', 'max_depth': 4, 'n_estimators': 642}",0.5581395348837209,0.6395348837209303,0.7093023255813954,0.6356589147286822,0.061772780815927256,15,0.7906976744186046,0.7965116279069767,0.8313953488372093,0.8062015503875969,0.017972128867239767,0.6046511627906976,0.46511627906976744,0.6511627906976745,0.5736434108527132,0.07905456610221373,38,0.8255813953488372,0.6511627906976745,0.7790697674418605,0.751937984496124,0.07374533949783119,0.5531914893617021,0.7142857142857143,0.7368421052631579,0.6681064363035247,0.08177726442992679,9,0.7717391304347826,0.9180327868852459,0.8701298701298701,0.8533005958166329,0.060898149040531535,0.5777777777777778,0.5633802816901409,0.6913580246913581,0.6108386947197589,0.05723835455184941,32,0.797752808988764,0.761904761904762,0.8220858895705522,0.7939144868213593,0.02471830050222071,0.6116819902650081,0.7349918875067604,0.6873985938345052,0.6780241572020913,0.050775602645852354,13,0.8921038399134668,0.90440778799351,0.9210383991346673,0.9058500090138814,0.011856423868800455
4.01966651280721,0.1812290979575106,1.5023245016733806,0.27788428021977635,gini,4,914,"{'criterion': 'gini', 'max_depth': 4, 'n_estimators': 914}",0.5813953488372093,0.6395348837209303,0.6976744186046512,0.6395348837209303,0.04747073144928639,8,0.7732558139534884,0.7965116279069767,0.8372093023255814,0.8023255813953489,0.02643058468408112,0.627906976744186,0.4883720930232558,0.6511627906976745,0.5891472868217055,0.07188851546895897,7,0.7906976744186046,0.6511627906976745,0.7790697674418605,0.7403100775193798,0.0632151412027135,0.574468085106383,0.7,0.717948717948718,0.6641389343517003,0.06382885983776185,12,0.7640449438202247,0.9180327868852459,0.881578947368421,0.8545522260246305,0.06570589371281989,0.6,0.5753424657534246,0.6829268292682927,0.6194230983405724,0.04601841211287415,6,0.7771428571428571,0.761904761904762,0.8271604938271606,0.7887360376249265,0.02787327289058303,0.6208761492698756,0.7274202271498107,0.6906435911303408,0.679646655850009,0.0441860428339936,9,0.8919686316928069,0.9049486208761492,0.9240129799891833,0.9069767441860465,0.013160421157267503
6.186163584391276,0.28718429206667706,1.8798298835754395,0.10118973348195115,gini,4,1185,"{'criterion': 'gini', 'max_depth': 4, 'n_estimators': 1185}",0.5930232558139535,0.6395348837209303,0.6976744186046512,0.6434108527131783,0.04281147681080332,5,0.7732558139534884,0.7965116279069767,0.8488372093023255,0.8062015503875969,0.03160757060135673,0.627906976744186,0.4883720930232558,0.627906976744186,0.5813953488372093,0.06577737499409746,23,0.8023255813953488,0.6627906976744186,0.7790697674418605,0.748062015503876,0.06103882072877375,0.5869565217391305,0.7,0.7297297297297297,0.6722287504896199,0.06150598320221949,7,0.7582417582417582,0.9047619047619048,0.9054054054054054,0.8561363561363561,0.06922243251999699,0.6067415730337078,0.5753424657534246,0.675,0.6190280129290442,0.04160227146845969,11,0.7796610169491525,0.7651006711409396,0.8375,0.7940872293633641,0.031267687349461996,0.6100594916170904,0.7247160627366144,0.697133585722012,0.6773030466919056,0.04886355174626616,14,0.8902109248242294,0.9076527852893455,0.9250946457544618,0.9076527852893456,0.014241219434785854
7.992355108261108,0.06748438078404059,2.244168281555176,0.0895909798085152,gini,4,1457,"{'criterion': 'gini', 'max_depth': 4, 'n_estimators': 1457}",0.5813953488372093,0.6395348837209303,0.6976744186046512,0.6395348837209303,0.04747073144928639,8,0.7848837209302325,0.7906976744186046,0.8313953488372093,0.8023255813953488,0.020692012116339788,0.627906976744186,0.4883720930232558,0.6511627906976745,0.5891472868217055,0.07188851546895897,7,0.8023255813953488,0.6627906976744186,0.7674418604651163,0.7441860465116279,0.059290924576660305,0.574468085106383,0.7,0.717948717948718,0.6641389343517003,0.06382885983776185,12,0.7752808988764045,0.890625,0.88,0.8486352996254681,0.052050448209345734,0.6,0.5753424657534246,0.6829268292682927,0.6194230983405724,0.04601841211287415,6,0.7885714285714286,0.7600000000000001,0.8198757763975156,0.7894824016563148,0.02445266929904053,0.6170903190914008,0.725797728501893,0.6949702541914548,0.6792861005949161,0.045744360094733365,10,0.8895348837209303,0.8985938345051379,0.9215792320173066,0.9032359834144582,0.013487580072226897
9.370479027430216,0.1585626372137388,3.149139324824015,0.11412375136124657,gini,4,1728,"{'criterion': 'gini', 'max_depth': 4, 'n_estimators': 1728}",0.5697674418604651,0.6395348837209303,0.686046511627907,0.6317829457364341,0.047786155061775006,19,0.7790697674418605,0.8023255813953488,0.8313953488372093,0.804263565891473,0.021405738405401664,0.627906976744186,0.4883720930232558,0.6511627906976745,0.5891472868217055,0.07188851546895897,7,0.8023255813953488,0.6627906976744186,0.7674418604651163,0.7441860465116279,0.059290924576660305,0.5625,0.7,0.7,0.6541666666666666,0.06481812160876683,23,0.7666666666666667,0.9193548387096774,0.88,0.8553405017921146,0.06472757068080304,0.5934065934065934,0.5753424657534246,0.674698795180723,0.6144826181135803,0.04321318596912752,17,0.7840909090909092,0.7702702702702703,0.8198757763975156,0.7914123185862317,0.02090261287149995,0.6143861546782043,0.7360735532720388,0.69118442401298,0.680548043987741,0.05024476874371875,7,0.8884532179556517,0.9042725797728501,0.9222552731206057,0.9049936902830359,0.013809048570160421
11.72595500946045,0.2609631725165049,3.336448351542155,0.31926000036786806,gini,4,2000,"{'criterion': 'gini', 'max_depth': 4, 'n_estimators': 2000}",0.5697674418604651,0.627906976744186,0.6976744186046512,0.6317829457364341,0.052289680477643576,19,0.7848837209302325,0.7965116279069767,0.8430232558139535,0.8081395348837209,0.02511914999382896,0.627906976744186,0.46511627906976744,0.627906976744186,0.5736434108527132,0.07674027082644702,38,0.813953488372093,0.6511627906976745,0.7790697674418605,0.748062015503876,0.0699824421909604,0.5625,0.6896551724137931,0.7297297297297297,0.6606283007145077,0.07128985475673566,15,0.7692307692307693,0.9180327868852459,0.8933333333333333,0.860198963149783,0.06510977898957121,0.5934065934065934,0.5555555555555556,0.675,0.607987382987383,0.049841036611477374,38,0.7909604519774011,0.761904761904762,0.8322981366459627,0.795054450176042,0.02888341413108495,0.6149269875608437,0.7274202271498107,0.6976744186046512,0.6800072111051019,0.04759397653715772,8,0.8918334234721471,0.9038669551108708,0.9240129799891833,0.9065711195240671,0.01327567558327333
0.7431850433349609,0.09624389055446374,0.1889976660410563,0.009226355023124385,gini,15,100,"{'criterion': 'gini', 'max_depth': 15, 'n_estimators': 100}",0.5581395348837209,0.6395348837209303,0.6627906976744186,0.6201550387596899,0.04486758489453575,57,1.0,1.0,1.0,1.0,0.0,0.5116279069767442,0.5348837209302325,0.6046511627906976,0.5503875968992248,0.039527283051106844,91,1.0,1.0,1.0,1.0,0.0,0.5641025641025641,0.6764705882352942,0.6842105263157895,0.6415945595512158,0.05488614688202529,48,1.0,1.0,1.0,1.0,0.0,0.5365853658536586,0.5974025974025974,0.6419753086419753,0.5919877572994104,0.04319529588769652,89,1.0,1.0,1.0,1.0,0.0,0.6041103299080585,0.7084910762574363,0.6890210924824229,0.6672074995493059,0.0453189414380793,21,1.0,1.0,1.0,1.0,0.0
2.4302638371785483,0.115580241199792,0.7124759356180826,0.11885723131578167,gini,15,371,"{'criterion': 'gini', 'max_depth': 15, 'n_estimators': 371}",0.5813953488372093,0.6744186046511628,0.6162790697674418,0.624031007751938,0.03837013541322349,41,1.0,1.0,1.0,1.0,0.0,0.5581395348837209,0.6046511627906976,0.5581395348837209,0.5736434108527132,0.021925791664699133,38,1.0,1.0,1.0,1.0,0.0,0.5853658536585366,0.7027027027027027,0.631578947368421,0.6398825012432201,0.0482610663725059,52,1.0,1.0,1.0,1.0,0.0,0.5714285714285714,0.6499999999999999,0.5925925925925927,0.604673721340388,0.033194704405013944,54,1.0,1.0,1.0,1.0,0.0,0.5884261763115197,0.717685235262304,0.6630611141157383,0.6563908418965207,0.052980156529399004,85,1.0,1.0,1.0,1.0,0.0
3.75297220547994,0.04743897425362629,1.0320773124694824,0.2299970877701849,gini,15,642,"{'criterion': 'gini', 'max_depth': 15, 'n_estimators': 642}",0.5930232558139535,0.6395348837209303,0.6395348837209303,0.624031007751938,0.021925791664699133,41,1.0,1.0,1.0,1.0,0.0,0.5813953488372093,0.5116279069767442,0.6046511627906976,0.5658914728682171,0.039527283051106844,65,1.0,1.0,1.0,1.0,0.0,0.5952380952380952,0.6875,0.65,0.6442460317460317,0.03788487719899549,37,1.0,1.0,1.0,1.0,0.0,0.5882352941176471,0.5866666666666667,0.6265060240963854,0.6004693282935664,0.018421858289658578,64,1.0,1.0,1.0,1.0,0.0,0.5932936722552732,0.7084910762574365,0.6679286100594917,0.6565711195240671,0.04770992150944497,84,1.0,1.0,1.0,1.0,0.0
5.062647978464763,0.02774968957692771,1.5792959531148274,0.21613540555047295,gini,15,914,"{'criterion': 'gini', 'max_depth': 15, 'n_estimators': 914}",0.5813953488372093,0.6627906976744186,0.6511627906976745,0.6317829457364341,0.03594425773447945,19,1.0,1.0,1.0,1.0,0.0,0.5581395348837209,0.5813953488372093,0.6046511627906976,0.5813953488372093,0.018988292579714548,23,1.0,1.0,1.0,1.0,0.0,0.5853658536585366,0.6944444444444444,0.6666666666666666,0.6488256549232159,0.046283625736555735,28,1.0,1.0,1.0,1.0,0.0,0.5714285714285714,0.6329113924050633,0.6341463414634145,0.6128287684323498,0.02927870111825232,25,1.0,1.0,1.0,1.0,0.0,0.5932936722552732,0.7041644131963223,0.6755002704164412,0.6576527852893457,0.0469892175094509,76,1.0,1.0,1.0,1.0,0.0
6.4940134684244795,0.16205036598962233,1.7263835271199544,0.0587835536949247,gini,15,1185,"{'criterion': 'gini', 'max_depth': 15, 'n_estimators': 1185}",0.5813953488372093,0.6511627906976745,0.6395348837209303,0.624031007751938,0.030519410364386865,41,1.0,1.0,1.0,1.0,0.0,0.5581395348837209,0.5348837209302325,0.6046511627906976,0.5658914728682171,0.029005096021503425,65,1.0,1.0,1.0,1.0,0.0,0.5853658536585366,0.696969696969697,0.65,0.6441118502094112,0.04575191938722588,38,1.0,1.0,1.0,1.0,0.0,0.5714285714285714,0.6052631578947368,0.6265060240963854,0.6010659178065646,0.022680300796978636,63,1.0,1.0,1.0,1.0,0.0,0.5943753380205516,0.7084910762574365,0.6738777717685235,0.6589147286821705,0.04777391144505785,68,1.0,1.0,1.0,1.0,0.0
7.858001708984375,0.1698345376167021,2.3636978467305503,0.0687941940935335,gini,15,1457,"{'criterion': 'gini', 'max_depth': 15, 'n_estimators': 1457}",0.5813953488372093,0.6627906976744186,0.6162790697674418,0.6201550387596899,0.03334234599628922,57,1.0,1.0,1.0,1.0,0.0,0.5581395348837209,0.5581395348837209,0.5813953488372093,0.5658914728682171,0.010962895832349594,65,1.0,1.0,1.0,1.0,0.0,0.5853658536585366,0.7058823529411765,0.625,0.6387494021999044,0.05015204346436073,57,1.0,1.0,1.0,1.0,0.0,0.5714285714285714,0.6233766233766234,0.6024096385542168,0.5990716111198039,0.021338647968167156,70,1.0,1.0,1.0,1.0,0.0,0.599242833964305,0.7090319091400756,0.6646836127636561,0.6576527852893457,0.045096080082551844,76,1.0,1.0,1.0,1.0,0.0
9.409708182017008,0.14175775397202167,3.014965852101644,0.35751150372356905,gini,15,1728,"{'criterion': 'gini', 'max_depth': 15, 'n_estimators': 1728}",0.5813953488372093,0.6744186046511628,0.627906976744186,0.627906976744186,0.037976585159429095,28,1.0,1.0,1.0,1.0,0.0,0.5581395348837209,0.5813953488372093,0.5813953488372093,0.5736434108527132,0.010962895832349594,38,1.0,1.0,1.0,1.0,0.0,0.5853658536585366,0.7142857142857143,0.6410256410256411,0.646892402989964,0.052794550147985626,31,1.0,1.0,1.0,1.0,0.0,0.5714285714285714,0.6410256410256411,0.6097560975609757,0.6074034366717294,0.02846154462978286,41,1.0,1.0,1.0,1.0,0.0,0.5954570037858302,0.7111952406706328,0.6744186046511628,0.6603569497025419,0.04828479729149554,58,1.0,1.0,1.0,1.0,0.0
10.99701460202535,0.2546600846133472,3.193148056666056,0.13704873667376197,gini,15,2000,"{'criterion': 'gini', 'max_depth': 15, 'n_estimators': 2000}",0.5697674418604651,0.6627906976744186,0.627906976744186,0.6201550387596899,0.03837013541322349,57,1.0,1.0,1.0,1.0,0.0,0.5581395348837209,0.5813953488372093,0.6046511627906976,0.5813953488372093,0.018988292579714548,23,1.0,1.0,1.0,1.0,0.0,0.5714285714285714,0.6944444444444444,0.6341463414634146,0.6333397857788101,0.0502242580998374,72,1.0,1.0,1.0,1.0,0.0,0.5647058823529412,0.6329113924050633,0.6190476190476191,0.6055549646018745,0.029433956505615946,47,1.0,1.0,1.0,1.0,0.0,0.5949161709031909,0.7128177393185505,0.6755002704164413,0.6610780602127275,0.049201592583103165,52,1.0,1.0,1.0,1.0,0.0
0.6555866400400797,0.005192254235747857,0.20297741889953613,0.01519189135787211,gini,27,100,"{'criterion': 'gini', 'max_depth': 27, 'n_estimators': 100}",0.5232558139534884,0.6162790697674418,0.686046511627907,0.6085271317829457,0.06668469199257848,92,1.0,1.0,1.0,1.0,0.0,0.4883720930232558,0.4883720930232558,0.6511627906976745,0.5426356589147286,0.07674027082644705,96,1.0,1.0,1.0,1.0,0.0,0.525,0.65625,0.7,0.6270833333333333,0.07436070123989476,87,1.0,1.0,1.0,1.0,0.0,0.5060240963855422,0.5599999999999999,0.674698795180723,0.5802409638554218,0.07033283238411775,96,1.0,1.0,1.0,1.0,0.0,0.5824770146024878,0.6871281773931855,0.6803677663601948,0.6499909861186227,0.04781929911479153,92,0.9999999999999999,1.0,0.9999999999999999,1.0,9.064933036736789e-17
2.3171507517496743,0.04816321025193839,0.6353082656860352,0.07711894987914095,gini,27,371,"{'criterion': 'gini', 'max_depth': 27, 'n_estimators': 371}",0.5930232558139535,0.6744186046511628,0.6162790697674418,0.627906976744186,0.03423163126483659,28,1.0,1.0,1.0,1.0,0.0,0.5581395348837209,0.5813953488372093,0.5813953488372093,0.5736434108527132,0.010962895832349594,38,1.0,1.0,1.0,1.0,0.0,0.6,0.7142857142857143,0.625,0.6464285714285715,0.04905570899532505,32,1.0,1.0,1.0,1.0,0.0,0.5783132530120482,0.6410256410256411,0.6024096385542168,0.6072495108639687,0.025829946129417115,42,1.0,1.0,1.0,1.0,0.0,0.5965386695511087,0.6901027582477014,0.6630611141157383,0.6499008473048495,0.039314578638687404,93,1.0,1.0,1.0,1.0,0.0
3.390620390574137,0.1401227178787319,1.1585678259531658,0.06112420934541315,gini,27,642,"{'criterion': 'gini', 'max_depth': 27, 'n_estimators': 642}",0.5813953488372093,0.6627906976744186,0.6162790697674418,0.6201550387596899,0.03334234599628922,57,1.0,1.0,1.0,1.0,0.0,0.5348837209302325,0.6046511627906976,0.6046511627906976,0.5813953488372093,0.03288868749704873,23,1.0,1.0,1.0,1.0,0.0,0.5897435897435898,0.6842105263157895,0.6190476190476191,0.6310005783689995,0.039481265208855136,80,1.0,1.0,1.0,1.0,0.0,0.5609756097560975,0.6419753086419753,0.611764705882353,0.6049052080934754,0.033421822584826524,52,1.0,1.0,1.0,1.0,0.0,0.588967009194159,0.6944294213088156,0.6746890210924824,0.652695150531819,0.045777562545711754,91,1.0,1.0,1.0,1.0,0.0
5.150070587793986,0.17990818675851405,1.6590734322865803,0.17597485106578653,gini,27,914,"{'criterion': 'gini', 'max_depth': 27, 'n_estimators': 914}",0.5697674418604651,0.6627906976744186,0.627906976744186,0.6201550387596899,0.03837013541322349,57,1.0,1.0,1.0,1.0,0.0,0.5581395348837209,0.5813953488372093,0.5813953488372093,0.5736434108527132,0.010962895832349594,38,1.0,1.0,1.0,1.0,0.0,0.5714285714285714,0.6944444444444444,0.6410256410256411,0.6356328856328857,0.05036558091599804,65,1.0,1.0,1.0,1.0,0.0,0.5647058823529412,0.6329113924050633,0.6097560975609757,0.6024577907729934,0.02831897905229125,57,1.0,1.0,1.0,1.0,0.0,0.5873445105462411,0.715521903731747,0.6684694429421308,0.6571119524067063,0.05294088196220781,80,1.0,1.0,1.0,1.0,0.0
6.5556855996449785,0.030263831903778304,1.8912949562072754,0.034346173380809183,gini,27,1185,"{'criterion': 'gini', 'max_depth': 27, 'n_estimators': 1185}",0.5581395348837209,0.6744186046511628,0.6046511627906976,0.6124031007751938,0.047786155061775006,83,1.0,1.0,1.0,1.0,0.0,0.5581395348837209,0.5813953488372093,0.5813953488372093,0.5736434108527132,0.010962895832349594,38,1.0,1.0,1.0,1.0,0.0,0.5581395348837209,0.7142857142857143,0.6097560975609756,0.6273937822434703,0.06495497556604989,83,1.0,1.0,1.0,1.0,0.0,0.5581395348837209,0.6410256410256411,0.5952380952380952,0.5981344237158192,0.033900031335586,72,1.0,1.0,1.0,1.0,0.0,0.6035694970254192,0.7068685776095186,0.6706327744726879,0.6603569497025419,0.042793063638944466,58,1.0,1.0,1.0,1.0,0.0
8.089589754740397,0.09689284218256099,2.510789712270101,0.014319930196034307,gini,27,1457,"{'criterion': 'gini', 'max_depth': 27, 'n_estimators': 1457}",0.5930232558139535,0.6395348837209303,0.6162790697674418,0.6162790697674418,0.018988292579714548,70,1.0,1.0,1.0,1.0,0.0,0.5813953488372093,0.5116279069767442,0.5813953488372093,0.5581395348837209,0.03288868749704873,85,1.0,1.0,1.0,1.0,0.0,0.5952380952380952,0.6875,0.625,0.6359126984126985,0.038448060268008136,64,1.0,1.0,1.0,1.0,0.0,0.5882352941176471,0.5866666666666667,0.6024096385542168,0.5924371997795101,0.007080597872893994,87,1.0,1.0,1.0,1.0,0.0,0.5976203353163873,0.7057869118442401,0.674959437533802,0.6594555615648098,0.045499301804059845,65,1.0,1.0,1.0,1.0,0.0
9.554802656173706,0.12213381660622545,3.001609722773234,0.09543830934204522,gini,27,1728,"{'criterion': 'gini', 'max_depth': 27, 'n_estimators': 1728}",0.5813953488372093,0.6627906976744186,0.627906976744186,0.624031007751938,0.03334234599628922,41,1.0,1.0,1.0,1.0,0.0,0.5813953488372093,0.5581395348837209,0.627906976744186,0.5891472868217055,0.029005096021503425,7,1.0,1.0,1.0,1.0,0.0,0.5813953488372093,0.7058823529411765,0.627906976744186,0.6383948928408573,0.051359847064500995,58,1.0,1.0,1.0,1.0,0.0,0.5813953488372093,0.6233766233766234,0.627906976744186,0.6108929829860062,0.02093981599236168,31,1.0,1.0,1.0,1.0,0.0,0.5987020010816658,0.715521903731747,0.6727961060032449,0.6623400036055526,0.04826123338530888,43,1.0,1.0,1.0,1.0,0.0
11.231905221939087,0.28083383472461637,3.5092669328053794,0.364063959359167,gini,27,2000,"{'criterion': 'gini', 'max_depth': 27, 'n_estimators': 2000}",0.5813953488372093,0.6511627906976745,0.6162790697674418,0.6162790697674418,0.028482438869571844,70,1.0,1.0,1.0,1.0,0.0,0.5581395348837209,0.5581395348837209,0.5813953488372093,0.5658914728682171,0.010962895832349594,65,1.0,1.0,1.0,1.0,0.0,0.5853658536585366,0.6857142857142857,0.625,0.632026713124274,0.04126728306225132,76,1.0,1.0,1.0,1.0,0.0,0.5714285714285714,0.6153846153846154,0.6024096385542168,0.5964076084558012,0.018440023934242124,80,1.0,1.0,1.0,1.0,0.0,0.5927528393726338,0.7025419145484045,0.6727961060032449,0.6560302866414278,0.04636255515781798,86,1.0,1.0,1.0,1.0,0.0
0.6110325654347738,0.04409669503062327,0.18534119923909506,0.023436694584812297,gini,38,100,"{'criterion': 'gini', 'max_depth': 38, 'n_estimators': 100}",0.5930232558139535,0.6627906976744186,0.627906976744186,0.627906976744186,0.0284824388695718,28,1.0,1.0,1.0,1.0,0.0,0.5581395348837209,0.5813953488372093,0.5813953488372093,0.5736434108527132,0.010962895832349594,38,1.0,1.0,1.0,1.0,0.0,0.6,0.6944444444444444,0.6410256410256411,0.6451566951566952,0.03866727710248216,34,1.0,1.0,1.0,1.0,0.0,0.5783132530120482,0.6329113924050633,0.6097560975609757,0.6069935809926957,0.022375028188247343,44,1.0,1.0,1.0,1.0,0.0,0.6149269875608437,0.6906435911303407,0.6741481882098431,0.6599062556336759,0.032510259884669844,61,1.0,1.0,1.0,1.0,0.0
2.314610163370768,0.10108679205367128,0.5820802847544352,0.051904188273771766,gini,38,371,"{'criterion': 'gini', 'max_depth': 38, 'n_estimators': 371}",0.5697674418604651,0.686046511627907,0.6046511627906976,0.6201550387596899,0.0487201747673509,57,1.0,1.0,1.0,1.0,0.0,0.5581395348837209,0.6046511627906976,0.5813953488372093,0.5813953488372093,0.018988292579714548,23,1.0,1.0,1.0,1.0,0.0,0.5714285714285714,0.7222222222222222,0.6097560975609756,0.6344689637372564,0.06399336213444043,69,1.0,1.0,1.0,1.0,0.0,0.5647058823529412,0.6582278481012659,0.5952380952380952,0.6060572752307674,0.03893910212235754,45,1.0,1.0,1.0,1.0,0.0,0.5784207679826933,0.7028123309897242,0.6776636019469984,0.6529655669731386,0.053701706586852124,90,1.0,1.0,1.0,1.0,0.0
3.827112913131714,0.07935884032344802,0.8851431210835775,0.009391029936666857,gini,38,642,"{'criterion': 'gini', 'max_depth': 38, 'n_estimators': 642}",0.5697674418604651,0.6511627906976745,0.627906976744186,0.6162790697674418,0.03423163126483662,70,1.0,1.0,1.0,1.0,0.0,0.5581395348837209,0.5581395348837209,0.5813953488372093,0.5658914728682171,0.010962895832349594,65,1.0,1.0,1.0,1.0,0.0,0.5714285714285714,0.6857142857142857,0.6410256410256411,0.6327228327228327,0.04702487704562249,75,1.0,1.0,1.0,1.0,0.0,0.5647058823529412,0.6153846153846154,0.6097560975609757,0.5966155317661774,0.022680231443256108,79,1.0,1.0,1.0,1.0,0.0,0.5846403461330448,0.7025419145484045,0.6603569497025419,0.6491797367946637,0.04877767607551269,94,1.0,1.0,1.0,1.0,0.0
4.80134375890096,0.14301050484135144,1.413723071416219,0.332058321521231,gini,38,914,"{'criterion': 'gini', 'max_depth': 38, 'n_estimators': 914}",0.5697674418604651,0.6511627906976745,0.6162790697674418,0.6124031007751938,0.03334234599628926,83,1.0,1.0,1.0,1.0,0.0,0.5581395348837209,0.6046511627906976,0.5813953488372093,0.5813953488372093,0.018988292579714548,23,1.0,1.0,1.0,1.0,0.0,0.5714285714285714,0.6666666666666666,0.625,0.621031746031746,0.03898191012775496,92,1.0,1.0,1.0,1.0,0.0,0.5647058823529412,0.6341463414634145,0.6024096385542168,0.6004206207901909,0.028383815624607144,65,1.0,1.0,1.0,1.0,0.0,0.5905895078420768,0.7052460789616009,0.6652244456462952,0.6536866774833243,0.04751401474553567,89,1.0,1.0,1.0,1.0,0.0
6.110333522160848,0.007895915967399475,1.801692247390747,0.016827293141090795,gini,38,1185,"{'criterion': 'gini', 'max_depth': 38, 'n_estimators': 1185}",0.5581395348837209,0.6627906976744186,0.6162790697674418,0.6124031007751938,0.04281147681080332,83,1.0,1.0,1.0,1.0,0.0,0.5581395348837209,0.5813953488372093,0.5813953488372093,0.5736434108527132,0.010962895832349594,38,1.0,1.0,1.0,1.0,0.0,0.5581395348837209,0.6944444444444444,0.625,0.6258613264427219,0.055649579243811906,89,1.0,1.0,1.0,1.0,0.0,0.5581395348837209,0.6329113924050633,0.6024096385542168,0.5978201886143337,0.030697502149860143,74,1.0,1.0,1.0,1.0,0.0,0.5927528393726339,0.7079502433747972,0.6717144402379664,0.6574725076617992,0.048095287051418224,79,0.9999999999999999,1.0,1.0,1.0,6.409875621278546e-17
7.788017114003499,0.039411426000110605,2.4469597339630127,0.15728109724789727,gini,38,1457,"{'criterion': 'gini', 'max_depth': 38, 'n_estimators': 1457}",0.5697674418604651,0.6627906976744186,0.627906976744186,0.6201550387596899,0.03837013541322349,57,1.0,1.0,1.0,1.0,0.0,0.5813953488372093,0.5581395348837209,0.5813953488372093,0.5736434108527132,0.010962895832349594,38,1.0,1.0,1.0,1.0,0.0,0.5681818181818182,0.7058823529411765,0.6410256410256411,0.6383632707162119,0.056247521308360526,59,1.0,1.0,1.0,1.0,0.0,0.5747126436781609,0.6233766233766234,0.6097560975609757,0.6026151215385867,0.02049863221351356,56,1.0,1.0,1.0,1.0,0.0,0.6062736614386155,0.7084910762574365,0.6695511087074094,0.6614386154678206,0.04212251482665386,50,1.0,1.0,1.0,1.0,0.0
9.370640675226847,0.07868447383214185,3.1884822050730386,0.3049483045340525,gini,38,1728,"{'criterion': 'gini', 'max_depth': 38, 'n_estimators': 1728}",0.5581395348837209,0.686046511627907,0.627906976744186,0.624031007751938,0.052289680477643576,41,1.0,1.0,1.0,1.0,0.0,0.5581395348837209,0.6046511627906976,0.6046511627906976,0.5891472868217055,0.021925791664699136,7,1.0,1.0,1.0,1.0,0.0,0.5581395348837209,0.7222222222222222,0.6341463414634146,0.6381693661897859,0.06704685235971354,60,1.0,1.0,1.0,1.0,0.0,0.5581395348837209,0.6582278481012659,0.6190476190476191,0.6118050006775353,0.041180571886302184,29,1.0,1.0,1.0,1.0,0.0,0.591130340724716,0.7111952406706328,0.6717144402379664,0.6580133405444384,0.049964555099021576,73,1.0,1.0,1.0,1.0,0.0
11.308292468388876,0.33961207639396834,4.022099574406941,0.07645709589524778,gini,38,2000,"{'criterion': 'gini', 'max_depth': 38, 'n_estimators': 2000}",0.5813953488372093,0.6511627906976745,0.5930232558139535,0.6085271317829457,0.030519410364386865,92,1.0,1.0,1.0,1.0,0.0,0.5581395348837209,0.5581395348837209,0.5813953488372093,0.5658914728682171,0.010962895832349594,65,1.0,1.0,1.0,1.0,0.0,0.5853658536585366,0.6857142857142857,0.5952380952380952,0.6221060782036392,0.04515800656575676,91,1.0,1.0,1.0,1.0,0.0,0.5714285714285714,0.6153846153846154,0.5882352941176471,0.5916828269769446,0.018109805119112886,90,1.0,1.0,1.0,1.0,0.0,0.5905895078420768,0.7084910762574365,0.6717144402379664,0.6569316747791599,0.049255067926444546,81,1.0,1.0,1.0,1.0,0.0
0.6368064085642496,0.028972769810193328,0.18966229756673178,0.02354316142631248,gini,50,100,"{'criterion': 'gini', 'max_depth': 50, 'n_estimators': 100}",0.5581395348837209,0.6395348837209303,0.6395348837209303,0.6124031007751938,0.038370135413223525,83,1.0,1.0,1.0,1.0,0.0,0.6046511627906976,0.6046511627906976,0.627906976744186,0.6124031007751938,0.010962895832349594,1,1.0,1.0,1.0,1.0,0.0,0.5531914893617021,0.65,0.6428571428571429,0.6153495440729484,0.04404901002410477,95,1.0,1.0,1.0,1.0,0.0,0.5777777777777778,0.6265060240963854,0.6352941176470588,0.6131926398404074,0.02529778630961154,22,1.0,1.0,1.0,1.0,0.0,0.5751757706868578,0.6968631692806923,0.6660356949702542,0.6460248783126014,0.05165449532946984,95,1.0,0.9999999999999999,1.0,1.0,6.409875621278546e-17
2.428159316380819,0.15269866827398768,0.7406936486562093,0.056837916300518855,gini,50,371,"{'criterion': 'gini', 'max_depth': 50, 'n_estimators': 371}",0.5930232558139535,0.6627906976744186,0.627906976744186,0.627906976744186,0.0284824388695718,28,1.0,1.0,1.0,1.0,0.0,0.5813953488372093,0.5813953488372093,0.6046511627906976,0.5891472868217055,0.010962895832349542,7,1.0,1.0,1.0,1.0,0.0,0.5952380952380952,0.6944444444444444,0.6341463414634146,0.641276293715318,0.040813413604262036,50,1.0,1.0,1.0,1.0,0.0,0.5882352941176471,0.6329113924050633,0.6190476190476191,0.6133981018567766,0.018671301024369615,20,1.0,1.0,1.0,1.0,0.0,0.607355327203894,0.7044348296376419,0.6776636019469984,0.6631512529295114,0.040939497258760074,39,1.0,1.0,1.0,1.0,0.0
4.6298104127248125,0.08062336566487861,1.324163595835368,0.07279185540660497,gini,50,642,"{'criterion': 'gini', 'max_depth': 50, 'n_estimators': 642}",0.5813953488372093,0.686046511627907,0.627906976744186,0.6317829457364341,0.04281147681080332,19,1.0,1.0,1.0,1.0,0.0,0.5581395348837209,0.6046511627906976,0.6046511627906976,0.5891472868217055,0.021925791664699136,7,1.0,1.0,1.0,1.0,0.0,0.5853658536585366,0.7222222222222222,0.6341463414634146,0.6472448057813911,0.05663387519689854,30,1.0,1.0,1.0,1.0,0.0,0.5714285714285714,0.6582278481012659,0.6190476190476191,0.6162346795258188,0.03549143633132478,13,1.0,1.0,1.0,1.0,0.0,0.5954570037858302,0.7047052460789616,0.6765819361817198,0.6589147286821705,0.04631696792507602,68,1.0,1.0,1.0,1.0,0.0
5.782944758733113,0.37598513750020685,1.6647186279296875,0.30904468169450533,gini,50,914,"{'criterion': 'gini', 'max_depth': 50, 'n_estimators': 914}",0.5813953488372093,0.6744186046511628,0.6162790697674418,0.624031007751938,0.03837013541322349,41,1.0,1.0,1.0,1.0,0.0,0.5581395348837209,0.5581395348837209,0.6046511627906976,0.5736434108527132,0.021925791664699133,38,1.0,1.0,1.0,1.0,0.0,0.5853658536585366,0.7272727272727273,0.6190476190476191,0.643895399992961,0.06053896463253645,40,1.0,1.0,1.0,1.0,0.0,0.5714285714285714,0.6315789473684211,0.611764705882353,0.6049240748931152,0.02502815222470494,51,1.0,1.0,1.0,1.0,0.0,0.597079502433748,0.7176852352623039,0.6703623580313682,0.66170903190914,0.049615829043505054,49,1.0,1.0,1.0,1.0,0.0
6.588226318359375,0.024434476636062248,1.7263836065928142,0.028008185296070937,gini,50,1185,"{'criterion': 'gini', 'max_depth': 50, 'n_estimators': 1185}",0.5813953488372093,0.686046511627907,0.627906976744186,0.6317829457364341,0.04281147681080332,19,1.0,1.0,1.0,1.0,0.0,0.5581395348837209,0.6046511627906976,0.5813953488372093,0.5813953488372093,0.018988292579714548,23,1.0,1.0,1.0,1.0,0.0,0.5853658536585366,0.7222222222222222,0.6410256410256411,0.6495379056354665,0.056194663985711955,26,1.0,1.0,1.0,1.0,0.0,0.5714285714285714,0.6582278481012659,0.6097560975609757,0.6131375056969376,0.035516231486107906,23,1.0,1.0,1.0,1.0,0.0,0.5835586803677664,0.7047052460789617,0.6825310978907517,0.6569316747791599,0.052666374115045905,81,1.0,1.0,1.0,1.0,0.0
8.10367782910665,0.039337519535517916,2.3754016558329263,0.06054751673929441,gini,50,1457,"{'criterion': 'gini', 'max_depth': 50, 'n_estimators': 1457}",0.5697674418604651,0.6511627906976745,0.6162790697674418,0.6124031007751938,0.03334234599628926,83,1.0,1.0,1.0,1.0,0.0,0.5581395348837209,0.5581395348837209,0.5813953488372093,0.5658914728682171,0.010962895832349594,65,1.0,1.0,1.0,1.0,0.0,0.5714285714285714,0.6857142857142857,0.625,0.6273809523809524,0.046687313216970436,84,1.0,1.0,1.0,1.0,0.0,0.5647058823529412,0.6153846153846154,0.6024096385542168,0.5941667120972578,0.021494850125166474,83,1.0,1.0,1.0,1.0,0.0,0.594916170903191,0.7084910762574365,0.678745267712277,0.6607175049576348,0.048087177459344245,55,1.0,1.0,1.0,1.0,0.0
9.04823120435079,0.10883611819963168,3.006828467051188,0.11805320919600282,gini,50,1728,"{'criterion': 'gini', 'max_depth': 50, 'n_estimators': 1728}",0.5813953488372093,0.6511627906976745,0.6162790697674418,0.6162790697674418,0.028482438869571844,70,1.0,1.0,1.0,1.0,0.0,0.5581395348837209,0.5581395348837209,0.5813953488372093,0.5658914728682171,0.010962895832349594,65,1.0,1.0,1.0,1.0,0.0,0.5853658536585366,0.6857142857142857,0.625,0.632026713124274,0.04126728306225132,76,1.0,1.0,1.0,1.0,0.0,0.5714285714285714,0.6153846153846154,0.6024096385542168,0.5964076084558012,0.018440023934242124,80,1.0,1.0,1.0,1.0,0.0,0.5927528393726339,0.7095727420227149,0.6717144402379664,0.6580133405444384,0.048665610810938474,73,1.0,1.0,1.0,1.0,0.0
10.729260524113974,0.4057784709586975,3.329782485961914,0.3499643307745828,gini,50,2000,"{'criterion': 'gini', 'max_depth': 50, 'n_estimators': 2000}",0.5813953488372093,0.6511627906976745,0.627906976744186,0.6201550387596899,0.029005096021503425,57,1.0,1.0,1.0,1.0,0.0,0.5581395348837209,0.5581395348837209,0.5813953488372093,0.5658914728682171,0.010962895832349594,65,1.0,1.0,1.0,1.0,0.0,0.5853658536585366,0.6857142857142857,0.6410256410256411,0.6373685934661545,0.04104860900323816,63,1.0,1.0,1.0,1.0,0.0,0.5714285714285714,0.6153846153846154,0.6097560975609757,0.5988564281247208,0.019530071606476337,71,1.0,1.0,1.0,1.0,0.0,0.5959978366684694,0.6998377501352082,0.6706327744726879,0.6554894537587885,0.043723921971677106,87,1.0,1.0,1.0,1.0,0.0
0.629981517791748,0.02732866073573368,0.1785303751627604,0.008627117625632973,gini,,100,"{'criterion': 'gini', 'max_depth': None, 'n_estimators': 100}",0.5697674418604651,0.6162790697674418,0.627906976744186,0.6046511627906976,0.02511914999382891,95,1.0,1.0,1.0,1.0,0.0,0.5581395348837209,0.5116279069767442,0.5813953488372093,0.5503875968992248,0.029005096021503425,91,1.0,1.0,1.0,1.0,0.0,0.5714285714285714,0.6470588235294118,0.6410256410256411,0.6198376786612081,0.03431890703462296,94,1.0,1.0,1.0,1.0,0.0,0.5647058823529412,0.5714285714285715,0.6097560975609757,0.5819635171141628,0.019843038796537277,95,1.0,1.0,1.0,1.0,0.0,0.5757166035694969,0.6806381828015144,0.6817198485667928,0.6460248783126014,0.049717418967741,95,0.9999999999999999,1.0,1.0,1.0,6.409875621278546e-17
2.158925692240397,0.13029435927143537,0.8128716150919596,0.22462432007561536,gini,,371,"{'criterion': 'gini', 'max_depth': None, 'n_estimators': 371}",0.5697674418604651,0.6511627906976745,0.6162790697674418,0.6124031007751938,0.03334234599628926,83,1.0,1.0,1.0,1.0,0.0,0.5581395348837209,0.5581395348837209,0.5813953488372093,0.5658914728682171,0.010962895832349594,65,1.0,1.0,1.0,1.0,0.0,0.5714285714285714,0.6857142857142857,0.625,0.6273809523809524,0.046687313216970436,84,1.0,1.0,1.0,1.0,0.0,0.5647058823529412,0.6153846153846154,0.6024096385542168,0.5941667120972578,0.021494850125166474,83,1.0,1.0,1.0,1.0,0.0,0.6011357490535425,0.7071389940508382,0.6649540292049758,0.6577429241031189,0.043575008243117955,75,1.0,1.0,1.0,1.0,0.0
3.9950287342071533,0.09416485036739905,1.000162680943807,0.07884428999020773,gini,,642,"{'criterion': 'gini', 'max_depth': None, 'n_estimators': 642}",0.5813953488372093,0.6395348837209303,0.6046511627906976,0.6085271317829457,0.023893077530887506,92,1.0,1.0,1.0,1.0,0.0,0.5581395348837209,0.5581395348837209,0.5813953488372093,0.5658914728682171,0.010962895832349594,65,1.0,1.0,1.0,1.0,0.0,0.5853658536585366,0.6666666666666666,0.6097560975609756,0.6205962059620596,0.03406451243896079,93,1.0,1.0,1.0,1.0,0.0,0.5714285714285714,0.6075949367088608,0.5952380952380952,0.5914205344585091,0.015009592979740341,91,1.0,1.0,1.0,1.0,0.0,0.599242833964305,0.7079502433747972,0.6711736073553272,0.6594555615648098,0.045146499776074094,65,1.0,1.0,1.0,1.0,0.0
4.701597611109416,0.18630433717452913,1.5371778806050618,0.2507874872471928,gini,,914,"{'criterion': 'gini', 'max_depth': None, 'n_estimators': 914}",0.5813953488372093,0.6511627906976745,0.6162790697674418,0.6162790697674418,0.028482438869571844,70,1.0,1.0,1.0,1.0,0.0,0.5813953488372093,0.5348837209302325,0.5813953488372093,0.5658914728682171,0.021925791664699188,65,1.0,1.0,1.0,1.0,0.0,0.5813953488372093,0.696969696969697,0.625,0.6344550152689687,0.047654349027587466,70,1.0,1.0,1.0,1.0,0.0,0.5813953488372093,0.6052631578947368,0.6024096385542168,0.596356048428721,0.010642760993817136,82,1.0,1.0,1.0,1.0,0.0,0.6100594916170903,0.7068685776095186,0.6657652785289345,0.6608977825851812,0.039671729398856874,53,1.0,1.0,1.0,1.0,0.0
6.327280680338542,0.06363326059141758,1.6864903767903645,0.04212456919271369,gini,,1185,"{'criterion': 'gini', 'max_depth': None, 'n_estimators': 1185}",0.5697674418604651,0.686046511627907,0.6395348837209303,0.6317829457364341,0.047786155061775006,19,1.0,1.0,1.0,1.0,0.0,0.5581395348837209,0.627906976744186,0.6046511627906976,0.5968992248062015,0.029005096021503425,2,1.0,1.0,1.0,1.0,0.0,0.5714285714285714,0.7105263157894737,0.65,0.6439849624060151,0.056945477605135714,39,1.0,1.0,1.0,1.0,0.0,0.5647058823529412,0.6666666666666666,0.6265060240963854,0.619292857705331,0.0419366403956118,8,1.0,1.0,1.0,1.0,0.0,0.5976203353163871,0.7020010816657652,0.6798269334775554,0.6598161168199027,0.0449010737777539,62,1.0,1.0,1.0,1.0,0.0
7.683712959289551,0.15816057285229881,2.4516143798828125,0.05151980905649626,gini,,1457,"{'criterion': 'gini', 'max_depth': None, 'n_estimators': 1457}",0.5930232558139535,0.6511627906976745,0.627906976744186,0.624031007751938,0.0238930775308875,41,1.0,1.0,1.0,1.0,0.0,0.5581395348837209,0.5581395348837209,0.5813953488372093,0.5658914728682171,0.010962895832349594,65,1.0,1.0,1.0,1.0,0.0,0.6,0.6857142857142857,0.6410256410256411,0.6422466422466423,0.0350033600945568,45,1.0,1.0,1.0,1.0,0.0,0.5783132530120482,0.6153846153846154,0.6097560975609757,0.6011513219858797,0.016311613430577094,61,1.0,1.0,1.0,1.0,0.0,0.5862628447809627,0.7084910762574365,0.6782044348296377,0.6576527852893457,0.051972511109796324,76,1.0,1.0,1.0,1.0,0.0
9.214093287785849,0.10888058202307895,2.9788769086201987,0.1468717727561803,gini,,1728,"{'criterion': 'gini', 'max_depth': None, 'n_estimators': 1728}",0.5697674418604651,0.6627906976744186,0.6162790697674418,0.6162790697674418,0.037976585159429095,70,1.0,1.0,1.0,1.0,0.0,0.5581395348837209,0.5813953488372093,0.5813953488372093,0.5736434108527132,0.010962895832349594,38,1.0,1.0,1.0,1.0,0.0,0.5714285714285714,0.6944444444444444,0.625,0.6302910052910053,0.050360184711115016,81,1.0,1.0,1.0,1.0,0.0,0.5647058823529412,0.6329113924050633,0.6024096385542168,0.6000089711040738,0.027896478911888584,67,1.0,1.0,1.0,1.0,0.0,0.5927528393726338,0.7057869118442401,0.6722552731206057,0.6569316747791599,0.04740101886722521,81,1.0,1.0,1.0,1.0,0.0
10.987763404846191,0.14650077086707594,3.2697664896647134,0.0399168463751246,gini,,2000,"{'criterion': 'gini', 'max_depth': None, 'n_estimators': 2000}",0.5697674418604651,0.6627906976744186,0.627906976744186,0.6201550387596899,0.03837013541322349,57,1.0,1.0,1.0,1.0,0.0,0.5581395348837209,0.5813953488372093,0.6046511627906976,0.5813953488372093,0.018988292579714548,23,1.0,1.0,1.0,1.0,0.0,0.5714285714285714,0.6944444444444444,0.6341463414634146,0.6333397857788101,0.0502242580998374,72,1.0,1.0,1.0,1.0,0.0,0.5647058823529412,0.6329113924050633,0.6190476190476191,0.6055549646018745,0.029433956505615946,47,1.0,1.0,1.0,1.0,0.0,0.5922120064899946,0.7101135749053543,0.6771227690643591,0.6598161168199027,0.049664441455521256,62,1.0,1.0,1.0,1.0,0.0
0.6489311854044596,0.055971164526631714,0.2032930056254069,0.0020108313641067164,entropy,4,100,"{'criterion': 'entropy', 'max_depth': 4, 'n_estimators': 100}",0.5697674418604651,0.6162790697674418,0.6627906976744186,0.6162790697674418,0.037976585159429095,70,0.7558139534883721,0.7965116279069767,0.8313953488372093,0.7945736434108528,0.030886390407963628,0.627906976744186,0.4418604651162791,0.6046511627906976,0.5581395348837209,0.08276804846535898,85,0.813953488372093,0.6395348837209303,0.7674418604651163,0.7403100775193798,0.07374533949783119,0.5625,0.6785714285714286,0.6842105263157895,0.6417606516290727,0.056093006268408255,47,0.7291666666666666,0.9322033898305084,0.88,0.847123352165725,0.08608768095336226,0.5934065934065934,0.5352112676056338,0.6419753086419753,0.5901977232180675,0.04364525747827601,92,0.7692307692307692,0.7586206896551724,0.8198757763975156,0.7825757450944857,0.026728420561334863,0.6030286641427798,0.7414818820984316,0.6922660897782585,0.6789255453398233,0.05730503750401126,12,0.8729042725797728,0.8907517577068687,0.917658193618172,0.8937714079682711,0.01839505509376021
2.137121597925822,0.13183539390893606,0.5791181723276774,0.021687839815377894,entropy,4,371,"{'criterion': 'entropy', 'max_depth': 4, 'n_estimators': 371}",0.5813953488372093,0.6395348837209303,0.6976744186046512,0.6395348837209303,0.04747073144928639,8,0.7616279069767442,0.7906976744186046,0.8023255813953488,0.7848837209302326,0.017115815632418287,0.627906976744186,0.46511627906976744,0.627906976744186,0.5736434108527132,0.07674027082644702,38,0.7906976744186046,0.6395348837209303,0.7325581395348837,0.7209302325581395,0.06225728063646901,0.574468085106383,0.7142857142857143,0.7297297297297297,0.6728278430406089,0.06983605033179924,6,0.7472527472527473,0.9166666666666666,0.8513513513513513,0.8384235884235883,0.0697644336967093,0.6,0.5633802816901409,0.675,0.612793427230047,0.04645782470234667,26,0.7683615819209039,0.7534246575342466,0.7875,0.7697620798183835,0.013946404239330596,0.6122228231476473,0.7241752298539751,0.6884802595997838,0.674959437533802,0.04669364563363849,17,0.8760140616549486,0.8942671714440238,0.9061654948620875,0.8921489093203533,0.012400067390396811
3.6901803811391196,0.05563420961906578,1.0556843280792236,0.06411837844338092,entropy,4,642,"{'criterion': 'entropy', 'max_depth': 4, 'n_estimators': 642}",0.5813953488372093,0.6162790697674418,0.6744186046511628,0.624031007751938,0.03837013541322349,41,0.7790697674418605,0.7616279069767442,0.7790697674418605,0.7732558139534884,0.008222171874262194,0.627906976744186,0.4418604651162791,0.5813953488372093,0.5503875968992248,0.07905456610221373,91,0.813953488372093,0.6162790697674418,0.6627906976744186,0.6976744186046511,0.08438581805068698,0.574468085106383,0.6785714285714286,0.7142857142857143,0.6557750759878419,0.05931271716177256,20,0.7608695652173914,0.8688524590163934,0.8636363636363636,0.8311194626233829,0.049719801400231106,0.6,0.5352112676056338,0.6410256410256411,0.5920789695437583,0.04356013045728643,88,0.7865168539325844,0.7210884353741497,0.75,0.752535096435578,0.026771122803220786,0.6160086533261222,0.7285018929150892,0.7068685776095186,0.6837930412835767,0.04873768234711604,2,0.8842617631151974,0.8869659275283936,0.9057598702001081,0.8923291869478996,0.00956087742693321
4.803484360376994,0.2674441593875872,1.3665706316630046,0.2556796072197489,entropy,4,914,"{'criterion': 'entropy', 'max_depth': 4, 'n_estimators': 914}",0.6046511627906976,0.6395348837209303,0.6976744186046512,0.6472868217054264,0.03837013541322353,2,0.7790697674418605,0.7848837209302325,0.813953488372093,0.7926356589147288,0.015259705182193427,0.627906976744186,0.4883720930232558,0.6046511627906976,0.5736434108527132,0.061038820728773736,38,0.8023255813953488,0.627906976744186,0.7209302325581395,0.7170542635658914,0.07125882291027222,0.6,0.7,0.7428571428571429,0.680952380952381,0.059856214714173996,2,0.7666666666666667,0.9152542372881356,0.8857142857142857,0.8558783965563627,0.06422461494463735,0.6136363636363636,0.5753424657534246,0.6666666666666666,0.6185484986854849,0.03744439629785435,12,0.7840909090909092,0.7448275862068966,0.7948717948717948,0.7745967633898668,0.021505190182347977,0.6165494862087615,0.7360735532720388,0.6960519199567333,0.6828916531458445,0.04967491062724414,3,0.8792590589507843,0.8903461330448891,0.9129259058950784,0.8941770326302506,0.014008830298957243
5.780740261077881,0.022365318260276427,1.7486573855082195,0.026591427919069426,entropy,4,1185,"{'criterion': 'entropy', 'max_depth': 4, 'n_estimators': 1185}",0.5697674418604651,0.6511627906976745,0.7209302325581395,0.6472868217054264,0.061772780815927214,2,0.7732558139534884,0.7906976744186046,0.813953488372093,0.7926356589147288,0.016671172998144614,0.6046511627906976,0.4418604651162791,0.6511627906976745,0.5658914728682171,0.08973516978907152,65,0.7906976744186046,0.6395348837209303,0.7325581395348837,0.7209302325581395,0.06225728063646901,0.5652173913043478,0.76,0.7567567567567568,0.6939913826870349,0.09106658845465768,1,0.7640449438202247,0.9166666666666666,0.875,0.8519038701622971,0.06441232274062708,0.5842696629213482,0.5588235294117647,0.7000000000000001,0.6143643974443709,0.061438146382879186,18,0.7771428571428571,0.7534246575342466,0.7974683544303797,0.7760119563691611,0.017998537190367637,0.6100594916170903,0.72796106003245,0.6992969172525689,0.6791058229673697,0.05020594370540729,11,0.8799351000540833,0.8880475932936722,0.9127906976744187,0.8935911303407247,0.013974278180318296
7.429199139277141,0.05445675324259865,2.3168044884999595,0.06833022094946659,entropy,4,1457,"{'criterion': 'entropy', 'max_depth': 4, 'n_estimators': 1457}",0.5697674418604651,0.6395348837209303,0.686046511627907,0.6317829457364341,0.047786155061775006,19,0.7616279069767442,0.7906976744186046,0.7965116279069767,0.7829457364341086,0.015259705182193408,0.6046511627906976,0.4883720930232558,0.5581395348837209,0.5503875968992248,0.047786155061775006,91,0.7790697674418605,0.6395348837209303,0.686046511627907,0.7015503875968992,0.05801019204300686,0.5652173913043478,0.7,0.75,0.6717391304347825,0.07803913838807339,8,0.7528089887640449,0.9166666666666666,0.8805970149253731,0.8500242234520282,0.07030104947421627,0.5842696629213482,0.5753424657534246,0.6399999999999999,0.5998707095582575,0.02860878275212037,68,0.7657142857142858,0.7534246575342466,0.7712418300653594,0.7634602577712973,0.007446403638745802,0.6165494862087615,0.732287723093564,0.695511087074094,0.6814494321254732,0.04828479729149554,5,0.8822336398053001,0.8918334234721471,0.914683612763656,0.8962502253470345,0.013610811642490001
9.073458989461264,0.037264795533837415,2.919532378514608,0.23089847158941493,entropy,4,1728,"{'criterion': 'entropy', 'max_depth': 4, 'n_estimators': 1728}",0.6046511627906976,0.6395348837209303,0.686046511627907,0.6434108527131783,0.03334234599628926,5,0.7732558139534884,0.7732558139534884,0.8081395348837209,0.7848837209302326,0.01644434374852434,0.627906976744186,0.4883720930232558,0.5813953488372093,0.5658914728682171,0.058010192043006864,65,0.8023255813953488,0.627906976744186,0.7441860465116279,0.7248062015503876,0.07251274005375855,0.6,0.7,0.7352941176470589,0.6784313725490196,0.05730054586746064,3,0.7582417582417582,0.8852459016393442,0.8533333333333334,0.832273664404812,0.05394531398600406,0.6136363636363636,0.5753424657534246,0.6493506493506493,0.6127764929134791,0.030219831712361624,27,0.7796610169491525,0.7346938775510204,0.7950310559006211,0.7697953168002648,0.02560133853751534,0.6116819902650081,0.7295835586803678,0.701460248783126,0.680908599242834,0.050279039256405006,6,0.8829096809085992,0.8906165494862088,0.916170903190914,0.8965657111952406,0.014215522518443142
10.566919644673666,0.05206661257589677,3.147439161936442,0.2607780425448435,entropy,4,2000,"{'criterion': 'entropy', 'max_depth': 4, 'n_estimators': 2000}",0.5813953488372093,0.6395348837209303,0.6976744186046512,0.6395348837209303,0.04747073144928639,8,0.7790697674418605,0.7848837209302325,0.8023255813953488,0.7887596899224807,0.009881820762776695,0.627906976744186,0.4418604651162791,0.627906976744186,0.5658914728682171,0.0877031666587966,65,0.813953488372093,0.6395348837209303,0.7325581395348837,0.7286821705426356,0.07125882291027222,0.574468085106383,0.7307692307692307,0.7297297297297297,0.6783223485351144,0.07343728010961029,4,0.7608695652173914,0.9016393442622951,0.8513513513513513,0.8379534202770126,0.05824466265042262,0.6,0.5507246376811594,0.675,0.6085748792270532,0.051096234924494444,35,0.7865168539325844,0.7482993197278911,0.7875,0.7741053912201585,0.018252061772951945,0.6208761492698756,0.7366143861546782,0.6965927528393726,0.6846944294213088,0.047993141485156036,1,0.8833153055705787,0.888994050838291,0.9080584099513251,0.893455922120065,0.010582580816305883
0.6136860847473145,0.004367891057680692,0.18102550506591797,0.01066651687684629,entropy,15,100,"{'criterion': 'entropy', 'max_depth': 15, 'n_estimators': 100}",0.5697674418604651,0.6511627906976745,0.627906976744186,0.6162790697674418,0.03423163126483662,70,1.0,0.9941860465116279,1.0,0.998062015503876,0.0027407239580873985,0.5348837209302325,0.5116279069767442,0.6046511627906976,0.5503875968992248,0.039527283051106844,91,1.0,0.9883720930232558,1.0,0.9961240310077519,0.005481447916174797,0.575,0.7096774193548387,0.6341463414634146,0.6396079202727512,0.055117289805999,54,1.0,1.0,1.0,1.0,0.0,0.5542168674698795,0.5945945945945946,0.6190476190476191,0.5892863603706978,0.02673187361516157,93,1.0,0.9941520467836257,1.0,0.9980506822612085,0.0027567515835733108,0.6008653326122229,0.7171444023796646,0.6717144402379664,0.6632413917432846,0.047847326150234126,38,1.0,1.0,1.0,1.0,0.0
2.2619510491689048,0.19259600351447442,0.6185164451599121,0.13849287681387132,entropy,15,371,"{'criterion': 'entropy', 'max_depth': 15, 'n_estimators': 371}",0.5697674418604651,0.686046511627907,0.627906976744186,0.627906976744186,0.04747073144928639,28,1.0,1.0,1.0,1.0,0.0,0.5348837209302325,0.5581395348837209,0.5813953488372093,0.5581395348837209,0.018988292579714593,85,1.0,1.0,1.0,1.0,0.0,0.575,0.75,0.6410256410256411,0.6553418803418803,0.07215707879859458,21,1.0,1.0,1.0,1.0,0.0,0.5542168674698795,0.6399999999999999,0.6097560975609757,0.6013243216769517,0.03552471055560111,60,1.0,1.0,1.0,1.0,0.0,0.5813953488372093,0.7285018929150893,0.6695511087074094,0.6598161168199027,0.06044921492692123,62,1.0,1.0,1.0,1.0,0.0
3.5722994804382324,0.18825998276228864,1.109379529953003,0.06604199302955158,entropy,15,642,"{'criterion': 'entropy', 'max_depth': 15, 'n_estimators': 642}",0.5697674418604651,0.6976744186046512,0.6162790697674418,0.627906976744186,0.052861169368162236,28,1.0,1.0,1.0,1.0,0.0,0.6046511627906976,0.5813953488372093,0.5813953488372093,0.5891472868217055,0.010962895832349542,7,1.0,1.0,1.0,1.0,0.0,0.5652173913043478,0.7575757575757576,0.625,0.6492643829600351,0.08038244202550245,27,1.0,1.0,1.0,1.0,0.0,0.5842696629213482,0.6578947368421053,0.6024096385542168,0.6148580127725568,0.03131968915308825,16,1.0,1.0,1.0,1.0,0.0,0.6041103299080584,0.7111952406706328,0.6814494321254734,0.6655850009013882,0.04513354009163569,24,1.0,1.0,1.0,1.0,0.0
5.3558750947316485,0.27705618198459586,1.6883240540822346,0.17706991789020565,entropy,15,914,"{'criterion': 'entropy', 'max_depth': 15, 'n_estimators': 914}",0.5813953488372093,0.6976744186046512,0.6395348837209303,0.6395348837209303,0.04747073144928639,8,1.0,1.0,1.0,1.0,0.0,0.5581395348837209,0.5813953488372093,0.5813953488372093,0.5736434108527132,0.010962895832349594,38,1.0,1.0,1.0,1.0,0.0,0.5853658536585366,0.7575757575757576,0.6578947368421053,0.6669454493587997,0.0705950862293286,10,1.0,1.0,1.0,1.0,0.0,0.5714285714285714,0.6578947368421053,0.6172839506172839,0.6155357529626535,0.035321302227880304,14,1.0,1.0,1.0,1.0,0.0,0.591130340724716,0.7171444023796647,0.6814494321254733,0.6632413917432847,0.05303166025821342,35,1.0,1.0,1.0,1.0,0.0
6.882120370864868,0.11479627369642129,1.8951019446055095,0.020166861159937804,entropy,15,1185,"{'criterion': 'entropy', 'max_depth': 15, 'n_estimators': 1185}",0.5930232558139535,0.7093023255813954,0.6511627906976745,0.6511627906976745,0.04747073144928639,1,1.0,1.0,1.0,1.0,0.0,0.5813953488372093,0.6046511627906976,0.6046511627906976,0.5968992248062015,0.010962895832349542,2,1.0,1.0,1.0,1.0,0.0,0.5952380952380952,0.7647058823529411,0.6666666666666666,0.6755368814192343,0.06946866559688708,5,1.0,1.0,1.0,1.0,0.0,0.5882352941176471,0.6753246753246753,0.6341463414634145,0.6325687703019123,0.03557158629986368,1,1.0,1.0,1.0,1.0,0.0,0.5997836668469443,0.7182260681449432,0.6846944294213088,0.6675680548043987,0.04984733451214222,20,1.0,1.0,1.0,1.0,0.0
8.485684553782145,0.10473529042793285,2.4127349853515625,0.25608202174264477,entropy,15,1457,"{'criterion': 'entropy', 'max_depth': 15, 'n_estimators': 1457}",0.5813953488372093,0.6627906976744186,0.6046511627906976,0.6162790697674418,0.03423163126483659,70,1.0,1.0,1.0,1.0,0.0,0.5581395348837209,0.5348837209302325,0.5813953488372093,0.5581395348837209,0.018988292579714593,85,1.0,1.0,1.0,1.0,0.0,0.5853658536585366,0.71875,0.6097560975609756,0.6379573170731707,0.05799031074407456,62,1.0,1.0,1.0,1.0,0.0,0.5714285714285714,0.6133333333333333,0.5952380952380952,0.5933333333333333,0.017160484764113745,85,1.0,1.0,1.0,1.0,0.0,0.5959978366684695,0.7117360735532721,0.6787452677122768,0.6621597259780062,0.04868363869765074,44,1.0,1.0,1.0,1.0,0.0
9.491503874460856,0.12658353104901304,3.06598695119222,0.20348294426552554,entropy,15,1728,"{'criterion': 'entropy', 'max_depth': 15, 'n_estimators': 1728}",0.5930232558139535,0.6627906976744186,0.6162790697674418,0.624031007751938,0.029005096021503383,41,1.0,1.0,1.0,1.0,0.0,0.5581395348837209,0.5581395348837209,0.5813953488372093,0.5658914728682171,0.010962895832349594,65,1.0,1.0,1.0,1.0,0.0,0.6,0.7058823529411765,0.625,0.6436274509803922,0.045188528143104006,41,1.0,1.0,1.0,1.0,0.0,0.5783132530120482,0.6233766233766234,0.6024096385542168,0.6013665049809628,0.018411824694879387,59,1.0,1.0,1.0,1.0,0.0,0.6041103299080585,0.7111952406706327,0.6744186046511628,0.6632413917432847,0.04442590906628059,35,1.0,1.0,1.0,1.0,0.0
11.28255001703898,0.6673630823220774,3.661874612172445,0.25747476924363977,entropy,15,2000,"{'criterion': 'entropy', 'max_depth': 15, 'n_estimators': 2000}",0.5697674418604651,0.6511627906976745,0.627906976744186,0.6162790697674418,0.03423163126483662,70,1.0,1.0,1.0,1.0,0.0,0.5348837209302325,0.5348837209302325,0.6046511627906976,0.5581395348837209,0.03288868749704873,85,1.0,1.0,1.0,1.0,0.0,0.575,0.696969696969697,0.6341463414634146,0.6353720128110373,0.049801462143255856,66,1.0,1.0,1.0,1.0,0.0,0.5542168674698795,0.6052631578947368,0.6190476190476191,0.5928425481374118,0.027886200262154312,86,1.0,1.0,1.0,1.0,0.0,0.5981611681990264,0.7144402379664684,0.6765819361817199,0.6630611141157383,0.048423926513658934,40,1.0,1.0,1.0,1.0,0.0
0.6047159830729166,0.02677793233765744,0.1707136631011963,0.007175223393075106,entropy,27,100,"{'criterion': 'entropy', 'max_depth': 27, 'n_estimators': 100}",0.5930232558139535,0.6627906976744186,0.6046511627906976,0.6201550387596899,0.030519410364386833,57,1.0,1.0,1.0,1.0,0.0,0.5813953488372093,0.6046511627906976,0.5813953488372093,0.5891472868217055,0.010962895832349542,7,1.0,1.0,1.0,1.0,0.0,0.5952380952380952,0.6842105263157895,0.6097560975609756,0.6297349063716201,0.038973392411472886,82,1.0,1.0,1.0,1.0,0.0,0.5882352941176471,0.6419753086419753,0.5952380952380952,0.6084828993325725,0.023854641992626414,36,1.0,1.0,1.0,1.0,0.0,0.6060032449972959,0.7155219037317468,0.656571119524067,0.6593654227510365,0.044754442987197544,67,1.0,1.0,1.0,1.0,0.0
2.2440078258514404,0.21131524912999453,0.7054470380147299,0.05033239313460939,entropy,27,371,"{'criterion': 'entropy', 'max_depth': 27, 'n_estimators': 371}",0.5813953488372093,0.6976744186046512,0.6511627906976745,0.6434108527131783,0.047786155061775006,5,1.0,1.0,1.0,1.0,0.0,0.5813953488372093,0.6046511627906976,0.6046511627906976,0.5968992248062015,0.010962895832349542,2,1.0,1.0,1.0,1.0,0.0,0.5813953488372093,0.7428571428571429,0.6666666666666666,0.663639719453673,0.06595124228856017,14,1.0,1.0,1.0,1.0,0.0,0.5813953488372093,0.6666666666666666,0.6341463414634145,0.6274027856557635,0.035136932799086286,3,1.0,1.0,1.0,1.0,0.0,0.5813953488372093,0.7133585722011898,0.6879394267171444,0.6608977825851812,0.057166487666421927,53,1.0,1.0,1.0,1.0,0.0
4.728357156117757,0.7821323292528906,1.2456679344177246,0.42760973819569975,entropy,27,642,"{'criterion': 'entropy', 'max_depth': 27, 'n_estimators': 642}",0.5581395348837209,0.6627906976744186,0.6511627906976745,0.624031007751938,0.04683351152556036,41,1.0,1.0,1.0,1.0,0.0,0.5581395348837209,0.5581395348837209,0.6046511627906976,0.5736434108527132,0.021925791664699133,38,1.0,1.0,1.0,1.0,0.0,0.5581395348837209,0.7058823529411765,0.6666666666666666,0.6435628514971881,0.06248906452827662,42,1.0,1.0,1.0,1.0,0.0,0.5581395348837209,0.6233766233766234,0.6341463414634145,0.605220833241253,0.033580581672453196,50,1.0,1.0,1.0,1.0,0.0,0.5938345051379124,0.7090319091400756,0.6782044348296377,0.6603569497025419,0.048692983863049745,58,1.0,1.0,1.0,1.0,0.0
5.796866337458293,0.3905480340719154,1.8881374994913738,0.1083177696369818,entropy,27,914,"{'criterion': 'entropy', 'max_depth': 27, 'n_estimators': 914}",0.5697674418604651,0.6744186046511628,0.5930232558139535,0.6124031007751938,0.04486758489453573,83,1.0,1.0,1.0,1.0,0.0,0.5581395348837209,0.5813953488372093,0.5813953488372093,0.5736434108527132,0.010962895832349594,38,1.0,1.0,1.0,1.0,0.0,0.5714285714285714,0.7142857142857143,0.5952380952380952,0.626984126984127,0.062492125984220735,88,1.0,1.0,1.0,1.0,0.0,0.5647058823529412,0.6410256410256411,0.5882352941176471,0.5979889391654098,0.03191161319178435,73,1.0,1.0,1.0,1.0,0.0,0.6051919956733369,0.7122769064359114,0.6744186046511628,0.6639625022534703,0.04433803548700524,33,1.0,1.0,1.0,1.0,0.0
8.619734605153402,0.2820673822253854,2.2626439730326333,0.1431769308229798,entropy,27,1185,"{'criterion': 'entropy', 'max_depth': 27, 'n_estimators': 1185}",0.5930232558139535,0.6627906976744186,0.6162790697674418,0.624031007751938,0.029005096021503383,41,1.0,1.0,1.0,1.0,0.0,0.5581395348837209,0.5348837209302325,0.6046511627906976,0.5658914728682171,0.029005096021503425,65,1.0,1.0,1.0,1.0,0.0,0.6,0.71875,0.6190476190476191,0.6459325396825397,0.05207360075354553,33,1.0,1.0,1.0,1.0,0.0,0.5783132530120482,0.6133333333333333,0.611764705882353,0.6011370974092448,0.016151595438646835,62,1.0,1.0,1.0,1.0,0.0,0.5857220118983235,0.7144402379664684,0.6765819361817198,0.6589147286821705,0.05401353593410087,68,1.0,1.0,1.0,1.0,0.0
9.808281898498535,0.26079480704435337,2.7122071584065757,0.18588735022470473,entropy,27,1457,"{'criterion': 'entropy', 'max_depth': 27, 'n_estimators': 1457}",0.5697674418604651,0.6744186046511628,0.6046511627906976,0.6162790697674418,0.04350764403225512,70,1.0,1.0,1.0,1.0,0.0,0.5581395348837209,0.5813953488372093,0.5813953488372093,0.5736434108527132,0.010962895832349594,38,1.0,1.0,1.0,1.0,0.0,0.5714285714285714,0.7142857142857143,0.6097560975609756,0.6318234610917537,0.06037255014340084,79,1.0,1.0,1.0,1.0,0.0,0.5647058823529412,0.6410256410256411,0.5952380952380952,0.6003232062055592,0.03136420630940472,66,1.0,1.0,1.0,1.0,0.0,0.5905895078420769,0.7214710654407788,0.6695511087074094,0.6605372273300885,0.053810984460912765,57,1.0,1.0,1.0,1.0,0.0
10.386756340662638,0.1468277974893604,2.934063275655111,0.20230741142256498,entropy,27,1728,"{'criterion': 'entropy', 'max_depth': 27, 'n_estimators': 1728}",0.5930232558139535,0.6511627906976745,0.6162790697674418,0.6201550387596899,0.023893077530887506,57,1.0,1.0,1.0,1.0,0.0,0.5581395348837209,0.5581395348837209,0.6046511627906976,0.5736434108527132,0.021925791664699133,38,1.0,1.0,1.0,1.0,0.0,0.6,0.6857142857142857,0.6190476190476191,0.634920634920635,0.03674868858028644,67,1.0,1.0,1.0,1.0,0.0,0.5783132530120482,0.6153846153846154,0.611764705882353,0.6018208580930056,0.01668795091641135,58,1.0,1.0,1.0,1.0,0.0,0.6003244997295836,0.7149810708491076,0.6744186046511629,0.6632413917432847,0.047470902607194686,35,1.0,1.0,1.0,1.0,0.0
11.821812391281128,0.04172810296915388,3.2628891468048096,0.12085217464491804,entropy,27,2000,"{'criterion': 'entropy', 'max_depth': 27, 'n_estimators': 2000}",0.5813953488372093,0.6627906976744186,0.627906976744186,0.624031007751938,0.03334234599628922,41,1.0,1.0,1.0,1.0,0.0,0.5581395348837209,0.5581395348837209,0.6046511627906976,0.5736434108527132,0.021925791664699133,38,1.0,1.0,1.0,1.0,0.0,0.5853658536585366,0.7058823529411765,0.6341463414634146,0.6417981826877093,0.049497270331652306,46,1.0,1.0,1.0,1.0,0.0,0.5714285714285714,0.6233766233766234,0.6190476190476191,0.6046176046176046,0.02353464131356436,55,1.0,1.0,1.0,1.0,0.0,0.591130340724716,0.7084910762574365,0.674959437533802,0.6581936181719849,0.04935723577720629,72,1.0,1.0,1.0,1.0,0.0
0.632412830988566,0.01521191721169324,0.21153863271077475,0.032221170311080856,entropy,38,100,"{'criterion': 'entropy', 'max_depth': 38, 'n_estimators': 100}",0.5930232558139535,0.6162790697674418,0.5813953488372093,0.5968992248062015,0.014502548010751687,96,1.0,1.0,1.0,1.0,0.0,0.5581395348837209,0.5581395348837209,0.5813953488372093,0.5658914728682171,0.010962895832349594,65,1.0,1.0,1.0,1.0,0.0,0.6,0.631578947368421,0.5813953488372093,0.6043247654018769,0.02071434426062305,96,1.0,1.0,1.0,1.0,0.0,0.5783132530120482,0.5925925925925927,0.5813953488372093,0.5841003981472834,0.006135299696106964,94,1.0,1.0,1.0,1.0,0.0,0.5895078420767983,0.7128177393185505,0.6608977825851812,0.6544077879935101,0.05054979532957454,88,1.0,1.0,1.0,1.0,0.0
2.34637451171875,0.14176632197903813,0.6118617057800293,0.010274314160324859,entropy,38,371,"{'criterion': 'entropy', 'max_depth': 38, 'n_estimators': 371}",0.5813953488372093,0.6976744186046512,0.6395348837209303,0.6395348837209303,0.04747073144928639,8,1.0,1.0,1.0,1.0,0.0,0.5581395348837209,0.6046511627906976,0.6046511627906976,0.5891472868217055,0.021925791664699136,7,1.0,1.0,1.0,1.0,0.0,0.5853658536585366,0.7428571428571429,0.65,0.6594076655052264,0.06463876376217517,17,1.0,1.0,1.0,1.0,0.0,0.5714285714285714,0.6666666666666666,0.6265060240963854,0.6215337540638745,0.03903943560130174,5,1.0,1.0,1.0,1.0,0.0,0.5968090859924283,0.719848566792861,0.6798269334775554,0.665494862087615,0.05124278590952925,25,1.0,1.0,1.0,1.0,0.0
3.578851064046224,0.03629883887397123,0.9770536422729492,0.08188024289483437,entropy,38,642,"{'criterion': 'entropy', 'max_depth': 38, 'n_estimators': 642}",0.5813953488372093,0.6627906976744186,0.6046511627906976,0.6162790697674418,0.03423163126483659,70,1.0,1.0,1.0,1.0,0.0,0.5581395348837209,0.5581395348837209,0.5813953488372093,0.5658914728682171,0.010962895832349594,65,1.0,1.0,1.0,1.0,0.0,0.5853658536585366,0.7058823529411765,0.6097560975609756,0.6336681013868962,0.05202495936287871,71,1.0,1.0,1.0,1.0,0.0,0.5714285714285714,0.6233766233766234,0.5952380952380952,0.5966810966810967,0.021232235165313373,78,1.0,1.0,1.0,1.0,0.0,0.6057328285559762,0.7144402379664684,0.672796106003245,0.6643230575085631,0.04478221096432535,31,1.0,1.0,1.0,1.0,0.0
4.763438145319621,0.11729278508389586,1.6671810150146484,0.29510243779583134,entropy,38,914,"{'criterion': 'entropy', 'max_depth': 38, 'n_estimators': 914}",0.5697674418604651,0.6744186046511628,0.6162790697674418,0.6201550387596899,0.04281147681080332,57,1.0,1.0,1.0,1.0,0.0,0.5581395348837209,0.5813953488372093,0.6046511627906976,0.5813953488372093,0.018988292579714548,23,1.0,1.0,1.0,1.0,0.0,0.5714285714285714,0.7142857142857143,0.6190476190476191,0.6349206349206349,0.05939138709164988,68,1.0,1.0,1.0,1.0,0.0,0.5647058823529412,0.6410256410256411,0.611764705882353,0.6058320764203118,0.031438548102769186,46,1.0,1.0,1.0,1.0,0.0,0.5916711736073553,0.7138994050838291,0.6706327744726879,0.658734451054624,0.050603772702485644,71,1.0,1.0,1.0,1.0,0.0
6.4279171625773115,0.04473580760393773,1.8417480786641438,0.015886156886056952,entropy,38,1185,"{'criterion': 'entropy', 'max_depth': 38, 'n_estimators': 1185}",0.5813953488372093,0.6627906976744186,0.6046511627906976,0.6162790697674418,0.03423163126483659,70,1.0,1.0,1.0,1.0,0.0,0.5581395348837209,0.5581395348837209,0.6046511627906976,0.5736434108527132,0.021925791664699133,38,1.0,1.0,1.0,1.0,0.0,0.5853658536585366,0.7058823529411765,0.6046511627906976,0.6319664564634703,0.05285609773184798,78,1.0,1.0,1.0,1.0,0.0,0.5714285714285714,0.6233766233766234,0.6046511627906976,0.5998187858652975,0.021481215442974533,69,1.0,1.0,1.0,1.0,0.0,0.6062736614386154,0.7047052460789617,0.6744186046511629,0.6617991707229133,0.04116334775990656,48,1.0,1.0,1.0,1.0,0.0
8.04641850789388,0.2166453110234101,2.4211925665537515,0.07361529090225276,entropy,38,1457,"{'criterion': 'entropy', 'max_depth': 38, 'n_estimators': 1457}",0.5930232558139535,0.6627906976744186,0.627906976744186,0.627906976744186,0.0284824388695718,28,1.0,1.0,1.0,1.0,0.0,0.5581395348837209,0.6046511627906976,0.6046511627906976,0.5891472868217055,0.021925791664699136,7,1.0,1.0,1.0,1.0,0.0,0.6,0.6842105263157895,0.6341463414634146,0.6394522892597347,0.03458292446770539,56,1.0,1.0,1.0,1.0,0.0,0.5783132530120482,0.6419753086419753,0.6190476190476191,0.6131120602338809,0.026326633859781522,24,1.0,1.0,1.0,1.0,0.0,0.5943753380205516,0.713899405083829,0.6738777717685236,0.6607175049576348,0.049674910627244155,55,1.0,1.0,1.0,1.0,0.0
9.174113670984903,0.12589383375880492,3.2424999872843423,0.27917993913581995,entropy,38,1728,"{'criterion': 'entropy', 'max_depth': 38, 'n_estimators': 1728}",0.5697674418604651,0.6744186046511628,0.6395348837209303,0.627906976744186,0.04350764403225512,28,1.0,1.0,1.0,1.0,0.0,0.5581395348837209,0.5581395348837209,0.6046511627906976,0.5736434108527132,0.021925791664699133,38,1.0,1.0,1.0,1.0,0.0,0.5714285714285714,0.7272727272727273,0.65,0.6495670995670996,0.0636238465764894,25,1.0,1.0,1.0,1.0,0.0,0.5647058823529412,0.6315789473684211,0.6265060240963854,0.6075969512725826,0.03039919387563934,40,1.0,1.0,1.0,1.0,0.0,0.5965386695511087,0.7133585722011898,0.680908599242834,0.6636019469983775,0.04923658919087526,34,1.0,1.0,1.0,1.0,0.0
11.112129290898642,0.31916887156176554,3.1906383832295737,0.09410346878292807,entropy,38,2000,"{'criterion': 'entropy', 'max_depth': 38, 'n_estimators': 2000}",0.5813953488372093,0.6744186046511628,0.6162790697674418,0.624031007751938,0.03837013541322349,41,1.0,1.0,1.0,1.0,0.0,0.5581395348837209,0.5813953488372093,0.6046511627906976,0.5813953488372093,0.018988292579714548,23,1.0,1.0,1.0,1.0,0.0,0.5853658536585366,0.7142857142857143,0.6190476190476191,0.6395663956639566,0.05459455260619631,55,1.0,1.0,1.0,1.0,0.0,0.5714285714285714,0.6410256410256411,0.611764705882353,0.6080729727788552,0.0285325509328724,37,1.0,1.0,1.0,1.0,0.0,0.5954570037858302,0.7193077339102216,0.6787452677122768,0.6645033351361096,0.05155498889997152,29,1.0,1.0,1.0,1.0,0.0
0.6914840539296468,0.06922344479298204,0.19963661829630533,0.030205165462056854,entropy,50,100,"{'criterion': 'entropy', 'max_depth': 50, 'n_estimators': 100}",0.5930232558139535,0.6744186046511628,0.6046511627906976,0.624031007751938,0.03594425773447945,41,1.0,1.0,1.0,1.0,0.0,0.5581395348837209,0.5813953488372093,0.5813953488372093,0.5736434108527132,0.010962895832349594,38,1.0,1.0,1.0,1.0,0.0,0.6,0.7142857142857143,0.6097560975609756,0.6413472706155633,0.0517288300252555,49,1.0,1.0,1.0,1.0,0.0,0.5783132530120482,0.6410256410256411,0.5952380952380952,0.6048589964252615,0.026490655048296695,53,1.0,1.0,1.0,1.0,0.0,0.6157382368848026,0.7406706327744726,0.6692806922660897,0.6752298539751216,0.05117662408732769,16,1.0,1.0,1.0,1.0,0.0
2.282563050587972,0.2690037914305412,0.5595037142435709,0.04890657298018738,entropy,50,371,"{'criterion': 'entropy', 'max_depth': 50, 'n_estimators': 371}",0.5813953488372093,0.686046511627907,0.627906976744186,0.6317829457364341,0.04281147681080332,19,1.0,1.0,1.0,1.0,0.0,0.5581395348837209,0.627906976744186,0.6046511627906976,0.5968992248062015,0.029005096021503425,2,1.0,1.0,1.0,1.0,0.0,0.5853658536585366,0.7105263157894737,0.6341463414634146,0.6433461703038083,0.05150898276499508,43,1.0,1.0,1.0,1.0,0.0,0.5714285714285714,0.6666666666666666,0.6190476190476191,0.6190476190476191,0.03888078956798695,9,1.0,1.0,1.0,1.0,0.0,0.6084369929691725,0.712547322877231,0.6668469442942132,0.6626104200468722,0.04260830358560738,41,1.0,1.0,1.0,1.0,0.0
3.521923065185547,0.04439665208669255,0.9918510913848877,0.11138075206334418,entropy,50,642,"{'criterion': 'entropy', 'max_depth': 50, 'n_estimators': 642}",0.6046511627906976,0.686046511627907,0.6511627906976745,0.6472868217054264,0.03334234599628926,2,1.0,1.0,1.0,1.0,0.0,0.5581395348837209,0.6046511627906976,0.627906976744186,0.5968992248062015,0.029005096021503425,2,1.0,1.0,1.0,1.0,0.0,0.6153846153846154,0.7222222222222222,0.6585365853658537,0.6653811409908971,0.04388397213087406,11,1.0,1.0,1.0,1.0,0.0,0.5853658536585366,0.6582278481012659,0.6428571428571429,0.6288169482056484,0.03135881436887105,2,1.0,1.0,1.0,1.0,0.0,0.5976203353163871,0.7263385613845322,0.6846944294213089,0.6695511087074094,0.05362888246840837,18,1.0,1.0,1.0,1.0,0.0
4.850370168685913,0.03674796831523672,1.5447060267130535,0.22496552452730337,entropy,50,914,"{'criterion': 'entropy', 'max_depth': 50, 'n_estimators': 914}",0.5813953488372093,0.6627906976744186,0.627906976744186,0.624031007751938,0.03334234599628922,41,1.0,1.0,1.0,1.0,0.0,0.5581395348837209,0.5813953488372093,0.6046511627906976,0.5813953488372093,0.018988292579714548,23,1.0,1.0,1.0,1.0,0.0,0.5853658536585366,0.6944444444444444,0.6341463414634146,0.6379855465221319,0.04461381970923395,61,1.0,1.0,1.0,1.0,0.0,0.5714285714285714,0.6329113924050633,0.6190476190476191,0.6077958609604179,0.026331044590578015,39,1.0,1.0,1.0,1.0,0.0,0.5938345051379124,0.7111952406706327,0.6825310978907517,0.6625202812330989,0.04995805005985806,42,1.0,1.0,1.0,1.0,0.0
6.321599165598552,0.12561429953740103,1.9724072615305583,0.08323249207835029,entropy,50,1185,"{'criterion': 'entropy', 'max_depth': 50, 'n_estimators': 1185}",0.5813953488372093,0.6395348837209303,0.6162790697674418,0.6124031007751938,0.0238930775308875,83,1.0,1.0,1.0,1.0,0.0,0.5581395348837209,0.5581395348837209,0.6046511627906976,0.5736434108527132,0.021925791664699133,38,1.0,1.0,1.0,1.0,0.0,0.5853658536585366,0.6666666666666666,0.6190476190476191,0.6236933797909407,0.033353089498164686,90,1.0,1.0,1.0,1.0,0.0,0.5714285714285714,0.6075949367088608,0.611764705882353,0.5969294046732617,0.018111987114802892,77,1.0,1.0,1.0,1.0,0.0,0.5989724175229854,0.7117360735532722,0.672796106003245,0.6611681990265008,0.04676406523406672,51,1.0,1.0,1.0,1.0,0.0
8.171852350234985,0.05630718330677239,2.525312821070353,0.040061106260582936,entropy,50,1457,"{'criterion': 'entropy', 'max_depth': 50, 'n_estimators': 1457}",0.5930232558139535,0.6744186046511628,0.6162790697674418,0.627906976744186,0.03423163126483659,28,1.0,1.0,1.0,1.0,0.0,0.5581395348837209,0.5581395348837209,0.6046511627906976,0.5736434108527132,0.021925791664699133,38,1.0,1.0,1.0,1.0,0.0,0.6,0.7272727272727273,0.6190476190476191,0.6487734487734488,0.05604941564682765,29,1.0,1.0,1.0,1.0,0.0,0.5783132530120482,0.6315789473684211,0.611764705882353,0.6072189687542742,0.021981906853058824,43,1.0,1.0,1.0,1.0,0.0,0.6019469983775013,0.7144402379664684,0.6700919415900487,0.6621597259780061,0.04626641886359288,46,1.0,1.0,1.0,1.0,0.0
9.673176685969034,0.1555142508635235,3.4323978424072266,0.25471093262622374,entropy,50,1728,"{'criterion': 'entropy', 'max_depth': 50, 'n_estimators': 1728}",0.5930232558139535,0.6744186046511628,0.6162790697674418,0.627906976744186,0.03423163126483659,28,1.0,1.0,1.0,1.0,0.0,0.5581395348837209,0.5813953488372093,0.6046511627906976,0.5813953488372093,0.018988292579714548,23,1.0,1.0,1.0,1.0,0.0,0.6,0.7142857142857143,0.6190476190476191,0.6444444444444445,0.04999370078737659,35,1.0,1.0,1.0,1.0,0.0,0.5783132530120482,0.6410256410256411,0.611764705882353,0.6103678666400141,0.02562127075294486,33,1.0,1.0,1.0,1.0,0.0,0.5954570037858301,0.7128177393185505,0.6782044348296377,0.6621597259780062,0.049237249265134654,44,1.0,1.0,1.0,1.0,0.0
11.947226524353027,0.44061264157847024,3.8044543266296387,0.26334706314770945,entropy,50,2000,"{'criterion': 'entropy', 'max_depth': 50, 'n_estimators': 2000}",0.5930232558139535,0.6744186046511628,0.6162790697674418,0.627906976744186,0.03423163126483659,28,1.0,1.0,1.0,1.0,0.0,0.5581395348837209,0.5813953488372093,0.6046511627906976,0.5813953488372093,0.018988292579714548,23,1.0,1.0,1.0,1.0,0.0,0.6,0.7142857142857143,0.6190476190476191,0.6444444444444445,0.04999370078737659,35,1.0,1.0,1.0,1.0,0.0,0.5783132530120482,0.6410256410256411,0.611764705882353,0.6103678666400141,0.02562127075294486,33,1.0,1.0,1.0,1.0,0.0,0.6014061654948621,0.7149810708491077,0.6798269334775554,0.6654047232738418,0.04747501021187557,26,1.0,1.0,1.0,1.0,0.0
0.643449624379476,0.01701897246240263,0.2295649846394857,0.03429820654117067,entropy,,100,"{'criterion': 'entropy', 'max_depth': None, 'n_estimators': 100}",0.5697674418604651,0.7325581395348837,0.6162790697674418,0.6395348837209303,0.06846326252967322,8,1.0,1.0,1.0,1.0,0.0,0.5348837209302325,0.6511627906976745,0.5813953488372093,0.5891472868217055,0.04778615506177505,7,1.0,1.0,1.0,1.0,0.0,0.575,0.7777777777777778,0.625,0.6592592592592592,0.0862553550950831,18,1.0,1.0,1.0,1.0,0.0,0.5542168674698795,0.7088607594936709,0.6024096385542168,0.6218290885059224,0.0646091820738952,4,1.0,1.0,1.0,1.0,0.0,0.6138453217955652,0.7176852352623038,0.672796106003245,0.6681088876870379,0.042521832971253566,19,1.0,1.0,1.0,1.0,0.0
2.454699993133545,0.03919506351788264,0.7346835136413574,0.04809823615445229,entropy,,371,"{'criterion': 'entropy', 'max_depth': None, 'n_estimators': 371}",0.6046511627906976,0.6627906976744186,0.6395348837209303,0.6356589147286822,0.023893077530887506,15,1.0,1.0,1.0,1.0,0.0,0.5813953488372093,0.5581395348837209,0.6046511627906976,0.5813953488372093,0.018988292579714548,23,1.0,1.0,1.0,1.0,0.0,0.6097560975609756,0.7058823529411765,0.65,0.6552128168340507,0.03941610785676268,22,1.0,1.0,1.0,1.0,0.0,0.5952380952380952,0.6233766233766234,0.6265060240963854,0.6150402475703681,0.014060398642027998,15,1.0,1.0,1.0,1.0,0.0,0.609518658734451,0.7028123309897243,0.6819902650081126,0.6647737515774292,0.03998527705502165,28,1.0,1.0,1.0,1.0,0.0
4.305889924367269,0.04991635832552213,1.039621909459432,0.05738076364309449,entropy,,642,"{'criterion': 'entropy', 'max_depth': None, 'n_estimators': 642}",0.5697674418604651,0.6627906976744186,0.627906976744186,0.6201550387596899,0.03837013541322349,57,1.0,1.0,1.0,1.0,0.0,0.5581395348837209,0.5813953488372093,0.6046511627906976,0.5813953488372093,0.018988292579714548,23,1.0,1.0,1.0,1.0,0.0,0.5714285714285714,0.6944444444444444,0.6341463414634146,0.6333397857788101,0.0502242580998374,72,1.0,1.0,1.0,1.0,0.0,0.5647058823529412,0.6329113924050633,0.6190476190476191,0.6055549646018745,0.029433956505615946,47,1.0,1.0,1.0,1.0,0.0,0.601406165494862,0.7052460789616009,0.6790156841535965,0.6618893095366865,0.0440882935167905,47,1.0,1.0,1.0,1.0,0.0
5.162797451019287,0.23335922374046206,1.6150287787119548,0.20583307298183212,entropy,,914,"{'criterion': 'entropy', 'max_depth': None, 'n_estimators': 914}",0.5930232558139535,0.6744186046511628,0.6162790697674418,0.627906976744186,0.03423163126483659,28,1.0,1.0,1.0,1.0,0.0,0.5581395348837209,0.6046511627906976,0.6046511627906976,0.5891472868217055,0.021925791664699136,7,1.0,1.0,1.0,1.0,0.0,0.6,0.7027027027027027,0.6190476190476191,0.6405834405834406,0.044607958875272496,51,1.0,1.0,1.0,1.0,0.0,0.5783132530120482,0.6499999999999999,0.611764705882353,0.6133593196314671,0.02928770524964699,21,1.0,1.0,1.0,1.0,0.0,0.5976203353163873,0.716062736614386,0.6857760951865874,0.6664863890391203,0.05024088759002818,22,1.0,1.0,1.0,1.0,0.0
6.391283988952637,0.05955789208479822,1.7957087357838948,0.014815695646731068,entropy,,1185,"{'criterion': 'entropy', 'max_depth': None, 'n_estimators': 1185}",0.5697674418604651,0.686046511627907,0.627906976744186,0.627906976744186,0.04747073144928639,28,1.0,1.0,1.0,1.0,0.0,0.5581395348837209,0.6046511627906976,0.6046511627906976,0.5891472868217055,0.021925791664699136,7,1.0,1.0,1.0,1.0,0.0,0.5714285714285714,0.7222222222222222,0.6341463414634146,0.6425990450380694,0.06185072043886588,44,1.0,1.0,1.0,1.0,0.0,0.5647058823529412,0.6582278481012659,0.6190476190476191,0.6139937831672754,0.03834705953252733,19,1.0,1.0,1.0,1.0,0.0,0.5895078420767983,0.7182260681449432,0.6846944294213089,0.6641427798810168,0.05452139124327107,32,1.0,1.0,1.0,1.0,0.0
8.044583400090536,0.022989739315470163,2.4784018993377686,0.226082843710761,entropy,,1457,"{'criterion': 'entropy', 'max_depth': None, 'n_estimators': 1457}",0.5697674418604651,0.6627906976744186,0.6046511627906976,0.6124031007751938,0.03837013541322349,83,1.0,1.0,1.0,1.0,0.0,0.5581395348837209,0.5581395348837209,0.6046511627906976,0.5736434108527132,0.021925791664699133,38,1.0,1.0,1.0,1.0,0.0,0.5714285714285714,0.7058823529411765,0.6046511627906976,0.6273206957201486,0.05718324715735913,86,1.0,1.0,1.0,1.0,0.0,0.5647058823529412,0.6233766233766234,0.6046511627906976,0.5975778895067541,0.024468855841375294,75,1.0,1.0,1.0,1.0,0.0,0.599242833964305,0.7209302325581395,0.6776636019469984,0.6659455561564809,0.05036493616260679,23,1.0,1.0,1.0,1.0,0.0
9.41347042719523,0.04702210739218633,2.5353647073109946,0.17931407174490024,entropy,,1728,"{'criterion': 'entropy', 'max_depth': None, 'n_estimators': 1728}",0.5697674418604651,0.6976744186046512,0.6046511627906976,0.624031007751938,0.05398600107435706,41,1.0,1.0,1.0,1.0,0.0,0.5581395348837209,0.6046511627906976,0.6046511627906976,0.5891472868217055,0.021925791664699136,7,1.0,1.0,1.0,1.0,0.0,0.5714285714285714,0.7428571428571429,0.6046511627906976,0.6396456256921372,0.07423116192377426,53,1.0,1.0,1.0,1.0,0.0,0.5647058823529412,0.6666666666666666,0.6046511627906976,0.6120079039367684,0.0419491089669791,28,1.0,1.0,1.0,1.0,0.0,0.6014061654948621,0.7155219037317468,0.6782044348296375,0.6650441680187488,0.047507858263923945,27,1.0,1.0,1.0,1.0,0.0
10.099824984868368,0.5395403977493424,1.9124948183695476,0.4240545265633222,entropy,,2000,"{'criterion': 'entropy', 'max_depth': None, 'n_estimators': 2000}",0.5813953488372093,0.6976744186046512,0.627906976744186,0.6356589147286822,0.047786155061775006,15,1.0,1.0,1.0,1.0,0.0,0.5581395348837209,0.6046511627906976,0.6046511627906976,0.5891472868217055,0.021925791664699136,7,1.0,1.0,1.0,1.0,0.0,0.5853658536585366,0.7428571428571429,0.6341463414634146,0.6541231126596979,0.0658289707445552,24,1.0,1.0,1.0,1.0,0.0,0.5714285714285714,0.6666666666666666,0.6190476190476191,0.6190476190476191,0.03888078956798695,9,1.0,1.0,1.0,1.0,0.0,0.5997836668469443,0.7176852352623039,0.6760411032990805,0.6645033351361096,0.04881963422870815,29,1.0,1.0,1.0,1.0,0.0
